{
    "playerPos": {
        "x": 135.7960662841797,
        "y": -97.13792419433594,
        "z": 0.0
    },
    "pieceOfLightNum": 1
}