{
    "playerPos": {
        "x": 1.1123108863830567,
        "y": -16.979063034057618,
        "z": 0.0
    },
    "pieceOfLightNum": 1
}