{
    "playerPos": {
        "x": 405.5398864746094,
        "y": -353.1041564941406,
        "z": 0.0
    },
    "pieceOfLightNum": 2
}